Nome da Foto ID,Cargo,Nome,Partido,Estado,Status,Assinou?
Abilio_Brunini_(PL-MT)_Em_exercício.jpg,Deputado,Abilio_Brunini,PL,MT,Em_exercício,Não
Acácio_Favacho_(MDB-AP)_Em_exercício.jpg,Deputado,Acácio_Favacho,MDB,AP,Em_exercício,Não
Adail_Filho_(REPUBLICANOS-AM)_Em_exercício.jpg,Deputado,Adail_Filho,REPUBLICANOS,AM,Em_exercício,sim
Adilson_Barroso_(PL-SP)_Em_exercício.jpg,Deputado,Adilson_Barroso,PL,SP,Em_exercício,Não
Adolfo_Viana_(PSDB-BA)_Em_exercício.jpg,Deputado,Adolfo_Viana,PSDB,BA,Em_exercício,Não
Adriana_Ventura_(NOVO-SP)_Em_exercício.jpg,Deputado,Adriana_Ventura,NOVO,SP,Em_exercício,Não
Adriano_do_Baldy_(PP-GO)_Em_exercício.jpg,Deputado,Adriano_do_Baldy,PP,GO,Em_exercício,Não
Afonso_Florence_(PT-BA)_Licenciado.jpg,Deputado,Afonso_Florence,PT,BA,Licenciado,Não
Afonso_Hamm_(PP-RS)_Em_exercício.jpg,Deputado,Afonso_Hamm,PP,RS,Em_exercício,Não
Afonso_Motta_(PDT-RS)_Em_exercício.jpg,Deputado,Afonso_Motta,PDT,RS,Em_exercício,sim
Aguinaldo_Ribeiro_(PP-PB)_Em_exercício.jpg,Deputado,Aguinaldo_Ribeiro,PP,PB,Em_exercício,Não
Airton_Faleiro_(PT-PA)_Em_exercício.jpg,Deputado,Airton_Faleiro,PT,PA,Em_exercício,sim
AJ_Albuquerque_(PP-CE)_Em_exercício.jpg,Deputado,AJ_Albuquerque,PP,CE,Em_exercício,Não
Alberto_Fraga_(PL-DF)_Em_exercício.jpg,Deputado,Alberto_Fraga,PL,DF,Em_exercício,Não
Alberto_Mourão_(MDB-SP)_Em_exercício.jpg,Deputado,Alberto_Mourão,MDB,SP,Em_exercício,Não
Albuquerque_(REPUBLICANOS-RR)_Em_exercício.jpg,Deputado,Albuquerque,REPUBLICANOS,RR,Em_exercício,Não
Alceu_Moreira_(MDB-RS)_Em_exercício.jpg,Deputado,Alceu_Moreira,MDB,RS,Em_exercício,Não
Alencar_Santana_(PT-SP)_Em_exercício.jpg,Deputado,Alencar_Santana,PT,SP,Em_exercício,sim
Alexandre_Guimarães_(MDB-TO)_Em_exercício.jpg,Deputado,Alexandre_Guimarães,MDB,TO,Em_exercício,Não
Alexandre_Leite_(UNIAO-SP)_Em_exercício.jpg,Deputado,Alexandre_Leite,UNIAO,SP,Em_exercício,Não
Alexandre_Lindenmeyer_(PT-RS)_Em_exercício.jpg,Deputado,Alexandre_Lindenmeyer,PT,RS,Em_exercício,sim
Alexandre_Padilha_(PT-SP)_Licenciado.jpg,Deputado,Alexandre_Padilha,PT,SP,Licenciado,Não
Alex_Manente_(CIDADANIA-SP)_Em_exercício.jpg,Deputado,Alex_Manente,CIDADANIA,SP,Em_exercício,Não
Alex_Santana_(REPUBLICANOS-BA)_Em_exercício.jpg,Deputado,Alex_Santana,REPUBLICANOS,BA,Em_exercício,Não
Alfredinho_(PT-SP)_Em_exercício.jpg,Deputado,Alfredinho,PT,SP,Em_exercício,sim
Alfredo_Gaspar_(UNIAO-AL)_Em_exercício.jpg,Deputado,Alfredo_Gaspar,UNIAO,AL,Em_exercício,sim
Alice_Portugal_(PCdoB-BA)_Em_exercício.jpg,Deputado,Alice_Portugal,PCdoB,BA,Em_exercício,sim
Aliel_Machado_(PV-PR)_Em_exercício.jpg,Deputado,Aliel_Machado,PV,PR,Em_exercício,sim
Allan_Garcês_(PP-MA)_Em_exercício.jpg,Deputado,Allan_Garcês,PP,MA,Em_exercício,Não
Altineu_Côrtes_(PL-RJ)_Em_exercício.jpg,Deputado,Altineu_Côrtes,PL,RJ,Em_exercício,Não
Aluisio_Mendes_(REPUBLICANOS-MA)_Em_exercício.jpg,Deputado,Aluisio_Mendes,REPUBLICANOS,MA,Em_exercício,Não
Amanda_Gentil_(PP-MA)_Em_exercício.jpg,Deputado,Amanda_Gentil,PP,MA,Em_exercício,sim
Amaro_Neto_(REPUBLICANOS-ES)_Em_exercício.jpg,Deputado,Amaro_Neto,REPUBLICANOS,ES,Em_exercício,Não
Amom_Mandel_(CIDADANIA-AM)_Em_exercício.jpg,Deputado,Amom_Mandel,CIDADANIA,AM,Em_exercício,sim
Amália_Barros_(PL-MT)_Ex-deputado.jpg,Deputado,Amália_Barros,PL,MT,Ex-deputado,Não
Ana_Paula_Leão_(PP-MG)_Em_exercício.jpg,Deputado,Ana_Paula_Leão,PP,MG,Em_exercício,Não
Ana_Paula_Lima_(PT-SC)_Em_exercício.jpg,Deputado,Ana_Paula_Lima,PT,SC,Em_exercício,sim
Ana_Pimentel_(PT-MG)_Em_exercício.jpg,Deputado,Ana_Pimentel,PT,MG,Em_exercício,sim
Andreia_Siqueira_(MDB-PA)_Em_exercício.jpg,Deputado,Andreia_Siqueira,MDB,PA,Em_exercício,sim
André_Fernandes_(PL-CE)_Licenciado.jpg,Deputado,André_Fernandes,PL,CE,Licenciado,Não
André_Ferreira_(PL-PE)_Em_exercício.jpg,Deputado,André_Ferreira,PL,PE,Em_exercício,Não
André_Figueiredo_(PDT-CE)_Em_exercício.jpg,Deputado,André_Figueiredo,PDT,CE,Em_exercício,sim
André_Fufuca_(PP-MA)_Licenciado.jpg,Deputado,André_Fufuca,PP,MA,Licenciado,Não
André_Janones_(AVANTE-MG)_Em_exercício.jpg,Deputado,André_Janones,AVANTE,MG,Em_exercício,sim
Antonio_Andrade_(REPUBLICANOS-TO)_Em_exercício.jpg,Deputado,Antonio_Andrade,REPUBLICANOS,TO,Em_exercício,Não
Antonio_Brito_(PSD-BA)_Em_exercício.jpg,Deputado,Antonio_Brito,PSD,BA,Em_exercício,Não
Antonio_Carlos_Rodrigues_(PL-SP)_Em_exercício.jpg,Deputado,Antonio_Carlos_Rodrigues,PL,SP,Em_exercício,Não
Antônia_Lúcia_(REPUBLICANOS-AC)_Em_exercício.jpg,Deputado,Antônia_Lúcia,REPUBLICANOS,AC,Em_exercício,sim
Antônio_Doido_(MDB-PA)_Em_exercício.jpg,Deputado,Antônio_Doido,MDB,PA,Em_exercício,sim
Any_Ortiz_(CIDADANIA-RS)_Em_exercício.jpg,Deputado,Any_Ortiz,CIDADANIA,RS,Em_exercício,Não
Arlindo_Chinaglia_(PT-SP)_Em_exercício.jpg,Deputado,Arlindo_Chinaglia,PT,SP,Em_exercício,sim
Arnaldo_Jardim_(CIDADANIA-SP)_Em_exercício.jpg,Deputado,Arnaldo_Jardim,CIDADANIA,SP,Em_exercício,Não
Arthur_Lira_(PP-AL)_Em_exercício.jpg,Deputado,Arthur_Lira,PP,AL,Em_exercício,Não
Arthur_Oliveira_Maia_(UNIAO-BA)_Em_exercício.jpg,Deputado,Arthur_Oliveira_Maia,UNIAO,BA,Em_exercício,Não
Augusto_Coutinho_(REPUBLICANOS-PE)_Em_exercício.jpg,Deputado,Augusto_Coutinho,REPUBLICANOS,PE,Em_exercício,Não
Augusto_Puppio_(MDB-AP)_Em_exercício.jpg,Deputado,Augusto_Puppio,MDB,AP,Em_exercício,sim
Aureo_Ribeiro_(SOLIDARIEDADE-RJ)_Em_exercício.jpg,Deputado,Aureo_Ribeiro,SOLIDARIEDADE,RJ,Em_exercício,sim
Aécio_Neves_(PSDB-MG)_Em_exercício.jpg,Deputado,Aécio_Neves,PSDB,MG,Em_exercício,Não
Bacelar_(PV-BA)_Em_exercício.jpg,Deputado,Bacelar,PV,BA,Em_exercício,sim
Baleia_Rossi_(MDB-SP)_Em_exercício.jpg,Deputado,Baleia_Rossi,MDB,SP,Em_exercício,Não
Bandeira_de_Mello_(PSB-RJ)_Em_exercício.jpg,Deputado,Bandeira_de_Mello,PSB,RJ,Em_exercício,sim
Bebeto_(PP-RJ)_Em_exercício.jpg,Deputado,Bebeto,PP,RJ,Em_exercício,sim
Benedita_da_Silva_(PT-RJ)_Em_exercício.jpg,Deputado,Benedita_da_Silva,PT,RJ,Em_exercício,sim
Benes_Leocádio_(UNIAO-RN)_Em_exercício.jpg,Deputado,Benes_Leocádio,UNIAO,RN,Em_exercício,sim
Beto_Pereira_(PSDB-MS)_Em_exercício.jpg,Deputado,Beto_Pereira,PSDB,MS,Em_exercício,Não
Beto_Preto_(PSD-PR)_Em_exercício.jpg,Deputado,Beto_Preto,PSD,PR,Em_exercício,Não
Beto_Richa_(PSDB-PR)_Em_exercício.jpg,Deputado,Beto_Richa,PSDB,PR,Em_exercício,Não
Bia_Kicis_(PL-DF)_Em_exercício.jpg,Deputado,Bia_Kicis,PL,DF,Em_exercício,Não
Bibo_Nunes_(PL-RS)_Em_exercício.jpg,Deputado,Bibo_Nunes,PL,RS,Em_exercício,Não
Bohn_Gass_(PT-RS)_Em_exercício.jpg,Deputado,Bohn_Gass,PT,RS,Em_exercício,sim
Bosco_Costa_(PL-SE)_Suplente_que_exerceu_mandato.jpg,Deputado,Bosco_Costa,PL,SE,Suplente_que_exerceu_mandato,Não
Bruno_Farias_(AVANTE-MG)_Em_exercício.jpg,Deputado,Bruno_Farias,AVANTE,MG,Em_exercício,sim
Bruno_Ganem_(PODE-SP)_Em_exercício.jpg,Deputado,Bruno_Ganem,PODE,SP,Em_exercício,Não
Cabo_Gilberto_Silva_(PL-PB)_Em_exercício.jpg,Deputado,Cabo_Gilberto_Silva,PL,PB,Em_exercício,Não
Caio_Vianna_(PSD-RJ)_Suplente_que_exerceu_mandato.jpg,Deputado,Caio_Vianna,PSD,RJ,Suplente_que_exerceu_mandato,Não
Camila_Jara_(PT-MS)_Em_exercício.jpg,Deputado,Camila_Jara,PT,MS,Em_exercício,sim
Capitão_Alberto_Neto_(PL-AM)_Em_exercício.jpg,Deputado,Capitão_Alberto_Neto,PL,AM,Em_exercício,Não
Capitão_Alden_(PL-BA)_Em_exercício.jpg,Deputado,Capitão_Alden,PL,BA,Em_exercício,Não
Capitão_Augusto_(PL-SP)_Em_exercício.jpg,Deputado,Capitão_Augusto,PL,SP,Em_exercício,Não
Capitão_Samuel_(PP-SE)_Suplente_que_exerceu_mandato.jpg,Deputado,Capitão_Samuel,PP,SE,Suplente_que_exerceu_mandato,Não
Carla_Ayres_(PT-SC)_Suplente_que_exerceu_mandato.jpg,Deputado,Carla_Ayres,PT,SC,Suplente_que_exerceu_mandato,Não
Carla_Zambelli_(PL-SP)_Em_exercício.jpg,Deputado,Carla_Zambelli,PL,SP,Em_exercício,Não
Carlos_Chiodini_(MDB-SC)_Em_exercício.jpg,Deputado,Carlos_Chiodini,MDB,SC,Em_exercício,Não
Carlos_Gomes_(REPUBLICANOS-RS)_Licenciado.jpg,Deputado,Carlos_Gomes,REPUBLICANOS,RS,Licenciado,Não
Carlos_Henrique_Gaguim_(UNIAO-TO)_Em_exercício.jpg,Deputado,Carlos_Henrique_Gaguim,UNIAO,TO,Em_exercício,sim
Carlos_Jordy_(PL-RJ)_Em_exercício.jpg,Deputado,Carlos_Jordy,PL,RJ,Em_exercício,Não
Carlos_Sampaio_(PSD-SP)_Em_exercício.jpg,Deputado,Carlos_Sampaio,PSD,SP,Em_exercício,Não
Carlos_Veras_(PT-PE)_Em_exercício.jpg,Deputado,Carlos_Veras,PT,PE,Em_exercício,sim
Carlos_Zarattini_(PT-SP)_Em_exercício.jpg,Deputado,Carlos_Zarattini,PT,SP,Em_exercício,sim
Carmen_Zanotto_(CIDADANIA-SC)_Em_exercício.jpg,Deputado,Carmen_Zanotto,CIDADANIA,SC,Em_exercício,Não
Caroline_de_Toni_(PL-SC)_Em_exercício.jpg,Deputado,Caroline_de_Toni,PL,SC,Em_exercício,Não
Carol_Dartora_(PT-PR)_Em_exercício.jpg,Deputado,Carol_Dartora,PT,PR,Em_exercício,sim
Castro_Neto_(PSD-PI)_Em_exercício.jpg,Deputado,Castro_Neto,PSD,PI,Em_exercício,Não
Celso_Russomanno_(REPUBLICANOS-SP)_Em_exercício.jpg,Deputado,Celso_Russomanno,REPUBLICANOS,SP,Em_exercício,Não
Celso_Sabino_(UNIAO-PA)_Licenciado.jpg,Deputado,Celso_Sabino,UNIAO,PA,Licenciado,Não
Cezinha_de_Madureira_(PSD-SP)_Em_exercício.jpg,Deputado,Cezinha_de_Madureira,PSD,SP,Em_exercício,Não
Charles_Fernandes_(PSD-BA)_Em_exercício.jpg,Deputado,Charles_Fernandes,PSD,BA,Em_exercício,sim
Chico_Alencar_(PSOL-RJ)_Em_exercício.jpg,Deputado,Chico_Alencar,PSOL,RJ,Em_exercício,sim
Chiquinho_Brazão_(SPART-RJ)_Em_exercício.jpg,Deputado,Chiquinho_Brazão,SPART,RJ,Em_exercício,Não
Chris_Tonietto_(PL-RJ)_Em_exercício.jpg,Deputado,Chris_Tonietto,PL,RJ,Em_exercício,Não
Clarissa_Tércio_(PP-PE)_Em_exercício.jpg,Deputado,Clarissa_Tércio,PP,PE,Em_exercício,Não
Claudio_Cajado_(PP-BA)_Em_exercício.jpg,Deputado,Claudio_Cajado,PP,BA,Em_exercício,Não
Cleber_Verde_(MDB-MA)_Em_exercício.jpg,Deputado,Cleber_Verde,MDB,MA,Em_exercício,sim
Clodoaldo_Magalhães_(PV-PE)_Em_exercício.jpg,Deputado,Clodoaldo_Magalhães,PV,PE,Em_exercício,sim
Cobalchini_(MDB-SC)_Em_exercício.jpg,Deputado,Cobalchini,MDB,SC,Em_exercício,Não
Coronel_Assis_(UNIAO-MT)_Em_exercício.jpg,Deputado,Coronel_Assis,UNIAO,MT,Em_exercício,Não
Coronel_Chrisóstomo_(PL-RO)_Em_exercício.jpg,Deputado,Coronel_Chrisóstomo,PL,RO,Em_exercício,Não
Coronel_Fernanda_(PL-MT)_Em_exercício.jpg,Deputado,Coronel_Fernanda,PL,MT,Em_exercício,Não
Coronel_Meira_(PL-PE)_Em_exercício.jpg,Deputado,Coronel_Meira,PL,PE,Em_exercício,Não
Coronel_Telhada_(PP-SP)_Suplente_que_exerceu_mandato.jpg,Deputado,Coronel_Telhada,PP,SP,Suplente_que_exerceu_mandato,Não
Coronel_Ulysses_(UNIAO-AC)_Em_exercício.jpg,Deputado,Coronel_Ulysses,UNIAO,AC,Em_exercício,sim
Covatti_Filho_(PP-RS)_Em_exercício.jpg,Deputado,Covatti_Filho,PP,RS,Em_exercício,Não
Cristiane_Lopes_(UNIAO-RO)_Em_exercício.jpg,Deputado,Cristiane_Lopes,UNIAO,RO,Em_exercício,sim
Célia_Xakriabá_(PSOL-MG)_Em_exercício.jpg,Deputado,Célia_Xakriabá,PSOL,MG,Em_exercício,sim
Célio_Silveira_(MDB-GO)_Em_exercício.jpg,Deputado,Célio_Silveira,MDB,GO,Em_exercício,Não
Célio_Studart_(PSD-CE)_Em_exercício.jpg,Deputado,Célio_Studart,PSD,CE,Em_exercício,sim
Dagoberto_Nogueira_(PSDB-MS)_Em_exercício.jpg,Deputado,Dagoberto_Nogueira,PSDB,MS,Em_exercício,sim
Daiana_Santos_(PCdoB-RS)_Em_exercício.jpg,Deputado,Daiana_Santos,PCdoB,RS,Em_exercício,sim
Dal_Barreto_(UNIAO-BA)_Em_exercício.jpg,Deputado,Dal_Barreto,UNIAO,BA,Em_exercício,sim
Damião_Feliciano_(UNIAO-PB)_Em_exercício.jpg,Deputado,Damião_Feliciano,UNIAO,PB,Em_exercício,sim
Dandara_(PT-MG)_Em_exercício.jpg,Deputado,Dandara,PT,MG,Em_exercício,sim
Daniela_do_Waguinho_(UNIAO-RJ)_Em_exercício.jpg,Deputado,Daniela_do_Waguinho,UNIAO,RJ,Em_exercício,sim
Daniela_Reinehr_(PL-SC)_Em_exercício.jpg,Deputado,Daniela_Reinehr,PL,SC,Em_exercício,Não
Daniel_Agrobom_(PL-GO)_Em_exercício.jpg,Deputado,Daniel_Agrobom,PL,GO,Em_exercício,Não
Daniel_Almeida_(PCdoB-BA)_Em_exercício.jpg,Deputado,Daniel_Almeida,PCdoB,BA,Em_exercício,sim
Daniel_Barbosa_(PP-AL)_Em_exercício.jpg,Deputado,Daniel_Barbosa,PP,AL,Em_exercício,sim
Daniel_Freitas_(PL-SC)_Em_exercício.jpg,Deputado,Daniel_Freitas,PL,SC,Em_exercício,Não
Daniel_José_(PODE-SP)_Suplente_que_exerceu_mandato.jpg,Deputado,Daniel_José,PODE,SP,Suplente_que_exerceu_mandato,Não
Daniel_Trzeciak_(PSDB-RS)_Em_exercício.jpg,Deputado,Daniel_Trzeciak,PSDB,RS,Em_exercício,Não
Danilo_Forte_(UNIAO-CE)_Em_exercício.jpg,Deputado,Danilo_Forte,UNIAO,CE,Em_exercício,sim
Dani_Cunha_(UNIAO-RJ)_Em_exercício.jpg,Deputado,Dani_Cunha,UNIAO,RJ,Em_exercício,Não
Danrlei_de_Deus_Hinterholz_(PSD-RS)_Em_exercício.jpg,Deputado,Danrlei_de_Deus_Hinterholz,PSD,RS,Em_exercício,Não
Darci_de_Matos_(PSD-SC)_Suplente_que_exerceu_mandato.jpg,Deputado,Darci_de_Matos,PSD,SC,Suplente_que_exerceu_mandato,Não
David_Soares_(UNIAO-SP)_Em_exercício.jpg,Deputado,David_Soares,UNIAO,SP,Em_exercício,Não
Dayany_Bittencourt_(UNIAO-CE)_Em_exercício.jpg,Deputado,Dayany_Bittencourt,UNIAO,CE,Em_exercício,sim
Da_Vitoria_(PP-ES)_Em_exercício.jpg,Deputado,Da_Vitoria,PP,ES,Em_exercício,Não
Defensor_Stélio_Dener_(REPUBLICANOS-RR)_Em_exercício.jpg,Deputado,Defensor_Stélio_Dener,REPUBLICANOS,RR,Em_exercício,Não
Delegada_Adriana_Accorsi_(PT-GO)_Em_exercício.jpg,Deputado,Delegada_Adriana_Accorsi,PT,GO,Em_exercício,sim
Delegada_Ione_(AVANTE-MG)_Em_exercício.jpg,Deputado,Delegada_Ione,AVANTE,MG,Em_exercício,Não
Delegada_Katarina_(PSD-SE)_Em_exercício.jpg,Deputado,Delegada_Katarina,PSD,SE,Em_exercício,sim
Delegado_Bruno_Lima_(PP-SP)_Em_exercício.jpg,Deputado,Delegado_Bruno_Lima,PP,SP,Em_exercício,sim
Delegado_Caveira_(PL-PA)_Em_exercício.jpg,Deputado,Delegado_Caveira,PL,PA,Em_exercício,Não
Delegado_da_Cunha_(PP-SP)_Em_exercício.jpg,Deputado,Delegado_da_Cunha,PP,SP,Em_exercício,Não
Delegado_Fabio_Costa_(PP-AL)_Em_exercício.jpg,Deputado,Delegado_Fabio_Costa,PP,AL,Em_exercício,sim
Delegado_Marcelo_Freitas_(UNIAO-MG)_Em_exercício.jpg,Deputado,Delegado_Marcelo_Freitas,UNIAO,MG,Em_exercício,Não
Delegado_Matheus_Laiola_(UNIAO-PR)_Em_exercício.jpg,Deputado,Delegado_Matheus_Laiola,UNIAO,PR,Em_exercício,Não
Delegado_Palumbo_(MDB-SP)_Em_exercício.jpg,Deputado,Delegado_Palumbo,MDB,SP,Em_exercício,Não
Delegado_Paulo_Bilynskyj_(PL-SP)_Em_exercício.jpg,Deputado,Delegado_Paulo_Bilynskyj,PL,SP,Em_exercício,Não
Delegado_Ramagem_(PL-RJ)_Em_exercício.jpg,Deputado,Delegado_Ramagem,PL,RJ,Em_exercício,Não
Delegado_Éder_Mauro_(PL-PA)_Em_exercício.jpg,Deputado,Delegado_Éder_Mauro,PL,PA,Em_exercício,Não
Deltan_Dallagnol_(PODE-PR)_Ex-deputado.jpg,Deputado,Deltan_Dallagnol,PODE,PR,Ex-deputado,Não
Denise_Pessôa_(PT-RS)_Em_exercício.jpg,Deputado,Denise_Pessôa,PT,RS,Em_exercício,sim
Detinha_(PL-MA)_Em_exercício.jpg,Deputado,Detinha,PL,MA,Em_exercício,Não
Diego_Andrade_(PSD-MG)_Em_exercício.jpg,Deputado,Diego_Andrade,PSD,MG,Em_exercício,Não
Diego_Coronel_(PSD-BA)_Em_exercício.jpg,Deputado,Diego_Coronel,PSD,BA,Em_exercício,sim
Diego_Garcia_(REPUBLICANOS-PR)_Em_exercício.jpg,Deputado,Diego_Garcia,REPUBLICANOS,PR,Em_exercício,Não
Dilceu_Sperafico_(PP-PR)_Em_exercício.jpg,Deputado,Dilceu_Sperafico,PP,PR,Em_exercício,Não
Dilvanda_Faro_(PT-PA)_Em_exercício.jpg,Deputado,Dilvanda_Faro,PT,PA,Em_exercício,sim
Dimas_Fabiano_(PP-MG)_Em_exercício.jpg,Deputado,Dimas_Fabiano,PP,MG,Em_exercício,Não
Dimas_Gadelha_(PT-RJ)_Em_exercício.jpg,Deputado,Dimas_Gadelha,PT,RJ,Em_exercício,sim
Domingos_Neto_(PSD-CE)_Em_exercício.jpg,Deputado,Domingos_Neto,PSD,CE,Em_exercício,sim
Domingos_Sávio_(PL-MG)_Em_exercício.jpg,Deputado,Domingos_Sávio,PL,MG,Em_exercício,Não
Dorinaldo_Malafaia_(PDT-AP)_Em_exercício.jpg,Deputado,Dorinaldo_Malafaia,PDT,AP,Em_exercício,sim
Douglas_Viegas_(UNIAO-SP)_Em_exercício.jpg,Deputado,Douglas_Viegas,UNIAO,SP,Em_exercício,sim
Doutor_Luizinho_(PP-RJ)_Em_exercício.jpg,Deputado,Doutor_Luizinho,PP,RJ,Em_exercício,Não
Dr._Benjamim_(UNIAO-MA)_Em_exercício.jpg,Deputado,Dr._Benjamim,UNIAO,MA,#VALUE!,Não
Dr._Daniel_Soranz_(PSD-RJ)_Licenciado.jpg,Deputado,Dr._Daniel_Soranz,PSD,RJ,#VALUE!,Não
Dr._Fernando_Máximo_(UNIAO-RO)_Em_exercício.jpg,Deputado,Dr._Fernando_Máximo,UNIAO,RO,#VALUE!,sim
Dr._Francisco_(PT-PI)_Em_exercício.jpg,Deputado,Dr._Francisco,PT,PI,#VALUE!,sim
Dr._Frederico_(PRD-MG)_Em_exercício.jpg,Deputado,Dr._Frederico,PRD,MG,#VALUE!,Não
Dr._Gonçalo_(PODE-MA)_Suplente_que_exerceu_mandato.jpg,Deputado,Dr._Gonçalo,PODE,MA,#VALUE!,Não
Dr._Jaziel_(PL-CE)_Em_exercício.jpg,Deputado,Dr._Jaziel,PL,CE,#VALUE!,Não
Dr._Luiz_Ovando_(PP-MS)_Em_exercício.jpg,Deputado,Dr._Luiz_Ovando,PP,MS,#VALUE!,Não
Dr._Remy_Soares_(PP-MA)_Suplente_que_exerceu_mandato.jpg,Deputado,Dr._Remy_Soares,PP,MA,#VALUE!,Não
Dr._Victor_Linhalis_(PODE-ES)_Em_exercício.jpg,Deputado,Dr._Victor_Linhalis,PODE,ES,#VALUE!,Não
Dr._Zacharias_Calil_(UNIAO-GO)_Em_exercício.jpg,Deputado,Dr._Zacharias_Calil,UNIAO,GO,#VALUE!,sim
Dra._Alessandra_Haber_(MDB-PA)_Em_exercício.jpg,Deputado,Dra._Alessandra_Haber,MDB,PA,#VALUE!,sim
Dra._Mayra_Pinheiro_(PL-CE)_Em_exercício.jpg,Deputado,Dra._Mayra_Pinheiro,PL,CE,#VALUE!,Não
Dr_Fabio_Rueda_(UNIAO-AC)_Suplente_que_exerceu_mandato.jpg,Deputado,Dr_Fabio_Rueda,UNIAO,AC,Suplente_que_exerceu_mandato,Não
Dr_Flávio_(PL-RJ)_Suplente_que_exerceu_mandato.jpg,Deputado,Dr_Flávio,PL,RJ,Suplente_que_exerceu_mandato,Não
Duarte_Gonçalves_Jr_(REPUBLICANOS-MG)_Suplente_que_exerceu_mandato.jpg,Deputado,Duarte_Gonçalves_Jr,REPUBLICANOS,MG,Suplente_que_exerceu_mandato,Não
Duarte_Jr._(PSB-MA)_Em_exercício.jpg,Deputado,Duarte_Jr.,PSB,MA,#VALUE!,sim
Duda_Ramos_(MDB-RR)_Em_exercício.jpg,Deputado,Duda_Ramos,MDB,RR,Em_exercício,sim
Duda_Salabert_(PDT-MG)_Em_exercício.jpg,Deputado,Duda_Salabert,PDT,MG,Em_exercício,sim
Délio_Pinheiro_(PDT-MG)_Suplente_que_exerceu_mandato.jpg,Deputado,Délio_Pinheiro,PDT,MG,Suplente_que_exerceu_mandato,Não
Eduardo_Bismarck_(PDT-CE)_Em_exercício.jpg,Deputado,Eduardo_Bismarck,PDT,CE,Em_exercício,sim
Eduardo_Bolsonaro_(PL-SP)_Em_exercício.jpg,Deputado,Eduardo_Bolsonaro,PL,SP,Em_exercício,Não
Eduardo_da_Fonte_(PP-PE)_Em_exercício.jpg,Deputado,Eduardo_da_Fonte,PP,PE,Em_exercício,sim
Eduardo_Velloso_(UNIAO-AC)_Em_exercício.jpg,Deputado,Eduardo_Velloso,UNIAO,AC,Em_exercício,sim
Elcione_Barbalho_(MDB-PA)_Em_exercício.jpg,Deputado,Elcione_Barbalho,MDB,PA,Em_exercício,sim
Eliane_Braz_(PSD-CE)_Suplente_que_exerceu_mandato.jpg,Deputado,Eliane_Braz,PSD,CE,Suplente_que_exerceu_mandato,Não
Elisangela_Araujo_(PT-BA)_Em_exercício.jpg,Deputado,Elisangela_Araujo,PT,BA,Em_exercício,sim
Eliza_Virgínia_(PP-PB)_Suplente_que_exerceu_mandato.jpg,Deputado,Eliza_Virgínia,PP,PB,Suplente_que_exerceu_mandato,Não
Eli_Borges_(PL-TO)_Em_exercício.jpg,Deputado,Eli_Borges,PL,TO,Em_exercício,Não
Elmar_Nascimento_(UNIAO-BA)_Em_exercício.jpg,Deputado,Elmar_Nascimento,UNIAO,BA,Em_exercício,sim
Ely_Santos_(REPUBLICANOS-SP)_Em_exercício.jpg,Deputado,Ely_Santos,REPUBLICANOS,SP,Em_exercício,Não
Emanuel_Pinheiro_Neto_(MDB-MT)_Em_exercício.jpg,Deputado,Emanuel_Pinheiro_Neto,MDB,MT,Em_exercício,sim
Emidinho_Madeira_(PL-MG)_Em_exercício.jpg,Deputado,Emidinho_Madeira,PL,MG,Em_exercício,Não
Enfermeira_Ana_Paula_(PDT-CE)_Suplente_que_exerceu_mandato.jpg,Deputado,Enfermeira_Ana_Paula,PDT,CE,Suplente_que_exerceu_mandato,Não
Enio_Verri_(PT-PR)_Ex-deputado.jpg,Deputado,Enio_Verri,PT,PR,Ex-deputado,Não
Eriberto_Medeiros_(PSB-PE)_Em_exercício.jpg,Deputado,Eriberto_Medeiros,PSB,PE,Em_exercício,sim
Erika_Hilton_(PSOL-SP)_Em_exercício.jpg,Deputado,Erika_Hilton,PSOL,SP,Em_exercício,sim
Erika_Kokay_(PT-DF)_Em_exercício.jpg,Deputado,Erika_Kokay,PT,DF,Em_exercício,sim
Eros_Biondini_(PL-MG)_Em_exercício.jpg,Deputado,Eros_Biondini,PL,MG,Em_exercício,Não
Euclydes_Pettersen_(REPUBLICANOS-MG)_Em_exercício.jpg,Deputado,Euclydes_Pettersen,REPUBLICANOS,MG,Em_exercício,sim
Eunício_Oliveira_(MDB-CE)_Em_exercício.jpg,Deputado,Eunício_Oliveira,MDB,CE,Em_exercício,sim
Evair_Vieira_de_Melo_(PP-ES)_Em_exercício.jpg,Deputado,Evair_Vieira_de_Melo,PP,ES,Em_exercício,Não
Fabio_Garcia_(UNIAO-MT)_Licenciado.jpg,Deputado,Fabio_Garcia,UNIAO,MT,Licenciado,Não
Fabio_Reis_(PSD-SE)_Licenciado.jpg,Deputado,Fabio_Reis,PSD,SE,Licenciado,Não
Fabio_Schiochet_(UNIAO-SC)_Em_exercício.jpg,Deputado,Fabio_Schiochet,UNIAO,SC,Em_exercício,Não
Fausto_Pinato_(PP-SP)_Em_exercício.jpg,Deputado,Fausto_Pinato,PP,SP,Em_exercício,sim
Fausto_Santos_Jr._(UNIAO-AM)_Em_exercício.jpg,Deputado,Fausto_Santos_Jr.,UNIAO,AM,#VALUE!,sim
Felipe_Becari_(UNIAO-SP)_Licenciado.jpg,Deputado,Felipe_Becari,UNIAO,SP,Licenciado,Não
Felipe_Carreras_(PSB-PE)_Em_exercício.jpg,Deputado,Felipe_Carreras,PSB,PE,Em_exercício,sim
Felipe_Francischini_(UNIAO-PR)_Em_exercício.jpg,Deputado,Felipe_Francischini,UNIAO,PR,Em_exercício,Não
Felipe_Saliba_(PRD-MG)_Suplente_que_exerceu_mandato.jpg,Deputado,Felipe_Saliba,PRD,MG,Suplente_que_exerceu_mandato,Não
Fernanda_Melchionna_(PSOL-RS)_Em_exercício.jpg,Deputado,Fernanda_Melchionna,PSOL,RS,Em_exercício,sim
Fernanda_Pessoa_(UNIAO-CE)_Em_exercício.jpg,Deputado,Fernanda_Pessoa,UNIAO,CE,Em_exercício,sim
Fernando_Coelho_Filho_(UNIAO-PE)_Em_exercício.jpg,Deputado,Fernando_Coelho_Filho,UNIAO,PE,Em_exercício,Não
Fernando_Mineiro_(PT-RN)_Em_exercício.jpg,Deputado,Fernando_Mineiro,PT,RN,Em_exercício,sim
Fernando_Monteiro_(PP-PE)_Em_exercício.jpg,Deputado,Fernando_Monteiro,PP,PE,Em_exercício,Não
Fernando_Rodolfo_(PL-PE)_Em_exercício.jpg,Deputado,Fernando_Rodolfo,PL,PE,Em_exercício,sim
Filipe_Barros_(PL-PR)_Em_exercício.jpg,Deputado,Filipe_Barros,PL,PR,Em_exercício,Não
Filipe_Martins_(PL-TO)_Em_exercício.jpg,Deputado,Filipe_Martins,PL,TO,Em_exercício,Não
Flavinha_(MDB-MT)_Suplente_que_exerceu_mandato.jpg,Deputado,Flavinha,MDB,MT,Suplente_que_exerceu_mandato,Não
Florentino_Neto_(PT-PI)_Em_exercício.jpg,Deputado,Florentino_Neto,PT,PI,Em_exercício,sim
Flávia_Morais_(PDT-GO)_Em_exercício.jpg,Deputado,Flávia_Morais,PDT,GO,Em_exercício,Não
Flávio_Nogueira_(PT-PI)_Em_exercício.jpg,Deputado,Flávio_Nogueira,PT,PI,Em_exercício,sim
Franciane_Bayer_(REPUBLICANOS-RS)_Em_exercício.jpg,Deputado,Franciane_Bayer,REPUBLICANOS,RS,Em_exercício,Não
Fred_Costa_(PRD-MG)_Em_exercício.jpg,Deputado,Fred_Costa,PRD,MG,Em_exercício,Não
Fred_Linhares_(REPUBLICANOS-DF)_Em_exercício.jpg,Deputado,Fred_Linhares,REPUBLICANOS,DF,Em_exercício,Não
Fábio_Henrique_(UNIAO-SE)_Suplente_que_exerceu_mandato.jpg,Deputado,Fábio_Henrique,UNIAO,SE,Suplente_que_exerceu_mandato,Não
Fábio_Macedo_(PODE-MA)_Em_exercício.jpg,Deputado,Fábio_Macedo,PODE,MA,Em_exercício,Não
Fábio_Teruel_(MDB-SP)_Em_exercício.jpg,Deputado,Fábio_Teruel,MDB,SP,Em_exercício,Não
Félix_Mendonça_Júnior_(PDT-BA)_Em_exercício.jpg,Deputado,Félix_Mendonça_Júnior,PDT,BA,Em_exercício,Não
Gabriel_Mota_(REPUBLICANOS-RR)_Em_exercício.jpg,Deputado,Gabriel_Mota,REPUBLICANOS,RR,Em_exercício,Não
Gabriel_Nunes_(PSD-BA)_Em_exercício.jpg,Deputado,Gabriel_Nunes,PSD,BA,Em_exercício,sim
General_Girão_(PL-RN)_Em_exercício.jpg,Deputado,General_Girão,PL,RN,Em_exercício,Não
General_Pazuello_(PL-RJ)_Em_exercício.jpg,Deputado,General_Pazuello,PL,RJ,Em_exercício,Não
Geovania_de_Sá_(PSDB-SC)_Suplente_que_exerceu_mandato.jpg,Deputado,Geovania_de_Sá,PSDB,SC,Suplente_que_exerceu_mandato,Não
Geraldo_Mendes_(UNIAO-PR)_Licenciado.jpg,Deputado,Geraldo_Mendes,UNIAO,PR,Licenciado,Não
Geraldo_Resende_(PSDB-MS)_Em_exercício.jpg,Deputado,Geraldo_Resende,PSDB,MS,Em_exercício,sim
Gerlen_Diniz_(PP-AC)_Em_exercício.jpg,Deputado,Gerlen_Diniz,PP,AC,Em_exercício,sim
Gervásio_Maia_(PSB-PB)_Em_exercício.jpg,Deputado,Gervásio_Maia,PSB,PB,Em_exercício,sim
Giacobo_(PL-PR)_Em_exercício.jpg,Deputado,Giacobo,PL,PR,Em_exercício,Não
Gilberto_Abramo_(REPUBLICANOS-MG)_Em_exercício.jpg,Deputado,Gilberto_Abramo,REPUBLICANOS,MG,Em_exercício,Não
Gilberto_Nascimento_(PSD-SP)_Em_exercício.jpg,Deputado,Gilberto_Nascimento,PSD,SP,Em_exercício,Não
Gilson_Daniel_(PODE-ES)_Em_exercício.jpg,Deputado,Gilson_Daniel,PODE,ES,Em_exercício,Não
Gilson_Marques_(NOVO-SC)_Em_exercício.jpg,Deputado,Gilson_Marques,NOVO,SC,Em_exercício,Não
Gilvan_da_Federal_(PL-ES)_Em_exercício.jpg,Deputado,Gilvan_da_Federal,PL,ES,Em_exercício,Não
Gilvan_Maximo_(REPUBLICANOS-DF)_Em_exercício.jpg,Deputado,Gilvan_Maximo,REPUBLICANOS,DF,Em_exercício,Não
Giovani_Cherini_(PL-RS)_Em_exercício.jpg,Deputado,Giovani_Cherini,PL,RS,Em_exercício,Não
Gisela_Simona_(UNIAO-MT)_Em_exercício.jpg,Deputado,Gisela_Simona,UNIAO,MT,Em_exercício,sim
Glauber_Braga_(PSOL-RJ)_Em_exercício.jpg,Deputado,Glauber_Braga,PSOL,RJ,Em_exercício,sim
Glaustin_da_Fokus_(PODE-GO)_Em_exercício.jpg,Deputado,Glaustin_da_Fokus,PODE,GO,Em_exercício,Não
Gleisi_Hoffmann_(PT-PR)_Em_exercício.jpg,Deputado,Gleisi_Hoffmann,PT,PR,Em_exercício,sim
Gláucia_Santiago_(PL-MG)_Suplente_que_exerceu_mandato.jpg,Deputado,Gláucia_Santiago,PL,MG,Suplente_que_exerceu_mandato,Não
Greyce_Elias_(AVANTE-MG)_Em_exercício.jpg,Deputado,Greyce_Elias,AVANTE,MG,Em_exercício,Não
Guilherme_Boulos_(PSOL-SP)_Em_exercício.jpg,Deputado,Guilherme_Boulos,PSOL,SP,Em_exercício,sim
Guilherme_Derrite_(PL-SP)_Licenciado.jpg,Deputado,Guilherme_Derrite,PL,SP,Licenciado,Não
Guilherme_Uchoa_(PSB-PE)_Em_exercício.jpg,Deputado,Guilherme_Uchoa,PSB,PE,Em_exercício,sim
Gustavo_Gayer_(PL-GO)_Em_exercício.jpg,Deputado,Gustavo_Gayer,PL,GO,Em_exercício,Não
Gustinho_Ribeiro_(REPUBLICANOS-SE)_Em_exercício.jpg,Deputado,Gustinho_Ribeiro,REPUBLICANOS,SE,Em_exercício,sim
Gutemberg_Reis_(MDB-RJ)_Em_exercício.jpg,Deputado,Gutemberg_Reis,MDB,RJ,Em_exercício,Não
Heitor_Schuch_(PSB-RS)_Em_exercício.jpg,Deputado,Heitor_Schuch,PSB,RS,Em_exercício,sim
Helder_Salomão_(PT-ES)_Em_exercício.jpg,Deputado,Helder_Salomão,PT,ES,Em_exercício,sim
Helena_Lima_(MDB-RR)_Em_exercício.jpg,Deputado,Helena_Lima,MDB,RR,Em_exercício,Não
Helio_Lopes_(PL-RJ)_Em_exercício.jpg,Deputado,Helio_Lopes,PL,RJ,Em_exercício,Não
Henderson_Pinto_(MDB-PA)_Em_exercício.jpg,Deputado,Henderson_Pinto,MDB,PA,Em_exercício,sim
Henrique_Júnior_(PL-MA)_Suplente_que_exerceu_mandato.jpg,Deputado,Henrique_Júnior,PL,MA,Suplente_que_exerceu_mandato,Não
Hercílio_Coelho_Diniz_(MDB-MG)_Em_exercício.jpg,Deputado,Hercílio_Coelho_Diniz,MDB,MG,Em_exercício,Não
Hildo_do_Candango_(REPUBLICANOS-GO)_Suplente_que_exerceu_mandato.jpg,Deputado,Hildo_do_Candango,REPUBLICANOS,GO,Suplente_que_exerceu_mandato,Não
Hildo_Rocha_(MDB-MA)_Suplente_que_exerceu_mandato.jpg,Deputado,Hildo_Rocha,MDB,MA,Suplente_que_exerceu_mandato,Não
Hugo_Leal_(PSD-RJ)_Em_exercício.jpg,Deputado,Hugo_Leal,PSD,RJ,Em_exercício,sim
Hugo_Motta_(REPUBLICANOS-PB)_Em_exercício.jpg,Deputado,Hugo_Motta,REPUBLICANOS,PB,Em_exercício,Não
Hélio_Leite_(UNIAO-PA)_Em_exercício.jpg,Deputado,Hélio_Leite,UNIAO,PA,Em_exercício,Não
Icaro_de_Valmir_(PL-SE)_Em_exercício.jpg,Deputado,Icaro_de_Valmir,PL,SE,Em_exercício,sim
Idilvan_Alencar_(PDT-CE)_Em_exercício.jpg,Deputado,Idilvan_Alencar,PDT,CE,Em_exercício,sim
Igor_Timo_(PSD-MG)_Em_exercício.jpg,Deputado,Igor_Timo,PSD,MG,Em_exercício,Não
Ismael_(PSD-SC)_Em_exercício.jpg,Deputado,Ismael,PSD,SC,Em_exercício,Não
Ismael_Alexandrino_(PSD-GO)_Em_exercício.jpg,Deputado,Ismael_Alexandrino,PSD,GO,Em_exercício,Não
Isnaldo_Bulhões_Jr._(MDB-AL)_Em_exercício.jpg,Deputado,Isnaldo_Bulhões_Jr.,MDB,AL,#VALUE!,Não
Ivan_Valente_(PSOL-SP)_Em_exercício.jpg,Deputado,Ivan_Valente,PSOL,SP,Em_exercício,sim
Ivoneide_Caetano_(PT-BA)_Em_exercício.jpg,Deputado,Ivoneide_Caetano,PT,BA,Em_exercício,sim
Iza_Arruda_(MDB-PE)_Em_exercício.jpg,Deputado,Iza_Arruda,MDB,PE,Em_exercício,sim
Jack_Rocha_(PT-ES)_Em_exercício.jpg,Deputado,Jack_Rocha,PT,ES,Em_exercício,sim
Jadyel_Alencar_(REPUBLICANOS-PI)_Em_exercício.jpg,Deputado,Jadyel_Alencar,REPUBLICANOS,PI,Em_exercício,Não
Jandira_Feghali_(PCdoB-RJ)_Em_exercício.jpg,Deputado,Jandira_Feghali,PCdoB,RJ,Em_exercício,sim
Jeferson_Rodrigues_(REPUBLICANOS-GO)_Em_exercício.jpg,Deputado,Jeferson_Rodrigues,REPUBLICANOS,GO,Em_exercício,Não
Jefferson_Campos_(PL-SP)_Em_exercício.jpg,Deputado,Jefferson_Campos,PL,SP,Em_exercício,Não
Jhonatan_de_Jesus_(REPUBLICANOS-RR)_Ex-deputado.jpg,Deputado,Jhonatan_de_Jesus,REPUBLICANOS,RR,Ex-deputado,Não
Jilmar_Tatto_(PT-SP)_Em_exercício.jpg,Deputado,Jilmar_Tatto,PT,SP,Em_exercício,sim
Joaquim_Passarinho_(PL-PA)_Em_exercício.jpg,Deputado,Joaquim_Passarinho,PL,PA,Em_exercício,Não
Jonas_Donizette_(PSB-SP)_Em_exercício.jpg,Deputado,Jonas_Donizette,PSB,SP,Em_exercício,sim
Jones_Moura_(PSD-RJ)_Suplente_que_exerceu_mandato.jpg,Deputado,Jones_Moura,PSD,RJ,Suplente_que_exerceu_mandato,Não
Jorge_Braz_(REPUBLICANOS-RJ)_Em_exercício.jpg,Deputado,Jorge_Braz,REPUBLICANOS,RJ,Em_exercício,Não
Jorge_Goetten_(REPUBLICANOS-SC)_Em_exercício.jpg,Deputado,Jorge_Goetten,REPUBLICANOS,SC,Em_exercício,Não
Jorge_Solla_(PT-BA)_Em_exercício.jpg,Deputado,Jorge_Solla,PT,BA,Em_exercício,sim
Joseildo_Ramos_(PT-BA)_Em_exercício.jpg,Deputado,Joseildo_Ramos,PT,BA,Em_exercício,sim
Josenildo_(PDT-AP)_Em_exercício.jpg,Deputado,Josenildo,PDT,AP,Em_exercício,sim
Josias_Gomes_(PT-BA)_Em_exercício.jpg,Deputado,Josias_Gomes,PT,BA,Em_exercício,sim
Josimar_Maranhãozinho_(PL-MA)_Em_exercício.jpg,Deputado,Josimar_Maranhãozinho,PL,MA,Em_exercício,Não
Josivaldo_JP_(PSD-MA)_Em_exercício.jpg,Deputado,Josivaldo_JP,PSD,MA,Em_exercício,Não
José_Airton_Félix_Cirilo_(PT-CE)_Em_exercício.jpg,Deputado,José_Airton_Félix_Cirilo,PT,CE,Em_exercício,sim
José_Guimarães_(PT-CE)_Em_exercício.jpg,Deputado,José_Guimarães,PT,CE,Em_exercício,sim
José_Medeiros_(PL-MT)_Em_exercício.jpg,Deputado,José_Medeiros,PL,MT,Em_exercício,Não
José_Nelto_(UNIAO-GO)_Em_exercício.jpg,Deputado,José_Nelto,UNIAO,GO,Em_exercício,sim
José_Priante_(MDB-PA)_Em_exercício.jpg,Deputado,José_Priante,MDB,PA,Em_exercício,Não
José_Rocha_(UNIAO-BA)_Em_exercício.jpg,Deputado,José_Rocha,UNIAO,BA,Em_exercício,Não
João_Carlos_Bacelar_(PL-BA)_Em_exercício.jpg,Deputado,João_Carlos_Bacelar,PL,BA,Em_exercício,Não
João_Daniel_(PT-SE)_Em_exercício.jpg,Deputado,João_Daniel,PT,SE,Em_exercício,sim
João_Leão_(PP-BA)_Em_exercício.jpg,Deputado,João_Leão,PP,BA,Em_exercício,Não
João_Maia_(PP-RN)_Em_exercício.jpg,Deputado,João_Maia,PP,RN,Em_exercício,Não
Juarez_Costa_(MDB-MT)_Em_exercício.jpg,Deputado,Juarez_Costa,MDB,MT,Em_exercício,Não
Juliana_Cardoso_(PT-SP)_Em_exercício.jpg,Deputado,Juliana_Cardoso,PT,SP,Em_exercício,sim
Juliana_Kolankiewicz_(MDB-MT)_Suplente_que_exerceu_mandato.jpg,Deputado,Juliana_Kolankiewicz,MDB,MT,Suplente_que_exerceu_mandato,Não
Julia_Zanatta_(PL-SC)_Em_exercício.jpg,Deputado,Julia_Zanatta,PL,SC,Em_exercício,Não
Julio_Arcoverde_(PP-PI)_Em_exercício.jpg,Deputado,Julio_Arcoverde,PP,PI,Em_exercício,Não
Julio_Cesar_Ribeiro_(REPUBLICANOS-DF)_Em_exercício.jpg,Deputado,Julio_Cesar_Ribeiro,REPUBLICANOS,DF,Em_exercício,Não
Julio_Lopes_(PP-RJ)_Em_exercício.jpg,Deputado,Julio_Lopes,PP,RJ,Em_exercício,Não
Juninho_do_Pneu_(UNIAO-RJ)_Em_exercício.jpg,Deputado,Juninho_do_Pneu,UNIAO,RJ,Em_exercício,sim
Junior_Lourenço_(PL-MA)_Em_exercício.jpg,Deputado,Junior_Lourenço,PL,MA,Em_exercício,Não
Junio_Amaral_(PL-MG)_Em_exercício.jpg,Deputado,Junio_Amaral,PL,MG,Em_exercício,Não
Juscelino_Filho_(UNIAO-MA)_Licenciado.jpg,Deputado,Juscelino_Filho,UNIAO,MA,Licenciado,Não
Júlio_Cesar_(PSD-PI)_Em_exercício.jpg,Deputado,Júlio_Cesar,PSD,PI,Em_exercício,Não
Júlio_Oliveira_(PP-TO)_Suplente_que_exerceu_mandato.jpg,Deputado,Júlio_Oliveira,PP,TO,Suplente_que_exerceu_mandato,Não
Júnior_Ferrari_(PSD-PA)_Em_exercício.jpg,Deputado,Júnior_Ferrari,PSD,PA,Em_exercício,sim
Júnior_Mano_(PL-CE)_Licenciado.jpg,Deputado,Júnior_Mano,PL,CE,Licenciado,Não
Keniston_Braga_(MDB-PA)_Em_exercício.jpg,Deputado,Keniston_Braga,MDB,PA,Em_exercício,sim
Kiko_Celeguim_(PT-SP)_Em_exercício.jpg,Deputado,Kiko_Celeguim,PT,SP,Em_exercício,sim
Kim_Kataguiri_(UNIAO-SP)_Em_exercício.jpg,Deputado,Kim_Kataguiri,UNIAO,SP,Em_exercício,Não
Lafayette_de_Andrada_(REPUBLICANOS-MG)_Em_exercício.jpg,Deputado,Lafayette_de_Andrada,REPUBLICANOS,MG,Em_exercício,Não
Laura_Carneiro_(PSD-RJ)_Em_exercício.jpg,Deputado,Laura_Carneiro,PSD,RJ,Em_exercício,sim
Leandre_(PSD-PR)_Licenciado.jpg,Deputado,Leandre,PSD,PR,Licenciado,Não
Lebrão_(UNIAO-RO)_Em_exercício.jpg,Deputado,Lebrão,UNIAO,RO,Em_exercício,Não
Leonardo_Gadelha_(PODE-PB)_Suplente_que_exerceu_mandato.jpg,Deputado,Leonardo_Gadelha,PODE,PB,Suplente_que_exerceu_mandato,Não
Leonardo_Monteiro_(PT-MG)_Em_exercício.jpg,Deputado,Leonardo_Monteiro,PT,MG,Em_exercício,sim
Leo_Prates_(PDT-BA)_Em_exercício.jpg,Deputado,Leo_Prates,PDT,BA,Em_exercício,sim
Leur_Lomanto_Júnior_(UNIAO-BA)_Em_exercício.jpg,Deputado,Leur_Lomanto_Júnior,UNIAO,BA,Em_exercício,sim
Leônidas_Cristino_(PDT-CE)_Suplente_que_exerceu_mandato.jpg,Deputado,Leônidas_Cristino,PDT,CE,Suplente_que_exerceu_mandato,Não
Lincoln_Portela_(PL-MG)_Em_exercício.jpg,Deputado,Lincoln_Portela,PL,MG,Em_exercício,Não
Lindbergh_Farias_(PT-RJ)_Em_exercício.jpg,Deputado,Lindbergh_Farias,PT,RJ,Em_exercício,sim
Loreny_(SOLIDARIEDADE-SP)_Suplente_que_exerceu_mandato.jpg,Deputado,Loreny,SOLIDARIEDADE,SP,Suplente_que_exerceu_mandato,Não
Lucas_Ramos_(PSB-PE)_Em_exercício.jpg,Deputado,Lucas_Ramos,PSB,PE,Em_exercício,sim
Lucas_Redecker_(PSDB-RS)_Em_exercício.jpg,Deputado,Lucas_Redecker,PSDB,RS,Em_exercício,Não
Luciano_Alves_(PSD-PR)_Suplente_que_exerceu_mandato.jpg,Deputado,Luciano_Alves,PSD,PR,Suplente_que_exerceu_mandato,Não
Luciano_Amaral_(PV-AL)_Em_exercício.jpg,Deputado,Luciano_Amaral,PV,AL,Em_exercício,sim
Luciano_Azevedo_(PSD-RS)_Suplente_que_exerceu_mandato.jpg,Deputado,Luciano_Azevedo,PSD,RS,Suplente_que_exerceu_mandato,Não
Luciano_Bivar_(UNIAO-PE)_Em_exercício.jpg,Deputado,Luciano_Bivar,UNIAO,PE,Em_exercício,Não
Luciano_Ducci_(PSB-PR)_Em_exercício.jpg,Deputado,Luciano_Ducci,PSB,PR,Em_exercício,sim
Luciano_Galego_(PL-MA)_Suplente_que_exerceu_mandato.jpg,Deputado,Luciano_Galego,PL,MA,Suplente_que_exerceu_mandato,Não
Luciano_Vieira_(REPUBLICANOS-RJ)_Em_exercício.jpg,Deputado,Luciano_Vieira,REPUBLICANOS,RJ,Em_exercício,sim
Lucio_Mosquini_(MDB-RO)_Em_exercício.jpg,Deputado,Lucio_Mosquini,MDB,RO,Em_exercício,Não
Lucyana_Genésio_(PDT-MA)_Suplente_que_exerceu_mandato.jpg,Deputado,Lucyana_Genésio,PDT,MA,Suplente_que_exerceu_mandato,Não
Luisa_Canziani_(PSD-PR)_Em_exercício.jpg,Deputado,Luisa_Canziani,PSD,PR,Em_exercício,Não
Luis_Carlos_Gomes_(REPUBLICANOS-RJ)_Em_exercício.jpg,Deputado,Luis_Carlos_Gomes,REPUBLICANOS,RJ,Em_exercício,Não
Luis_Tibé_(AVANTE-MG)_Em_exercício.jpg,Deputado,Luis_Tibé,AVANTE,MG,Em_exercício,Não
Luiza_Erundina_(PSOL-SP)_Em_exercício.jpg,Deputado,Luiza_Erundina,PSOL,SP,Em_exercício,sim
Luizianne_Lins_(PT-CE)_Em_exercício.jpg,Deputado,Luizianne_Lins,PT,CE,Em_exercício,sim
Luiz_Antonio_Corrêa_(PP-RJ)_Suplente_que_exerceu_mandato.jpg,Deputado,Luiz_Antonio_Corrêa,PP,RJ,Suplente_que_exerceu_mandato,Não
Luiz_Carlos_Busato_(UNIAO-RS)_Em_exercício.jpg,Deputado,Luiz_Carlos_Busato,UNIAO,RS,Em_exercício,Não
Luiz_Carlos_Hauly_(PODE-PR)_Em_exercício.jpg,Deputado,Luiz_Carlos_Hauly,PODE,PR,Em_exercício,Não
Luiz_Carlos_Motta_(PL-SP)_Em_exercício.jpg,Deputado,Luiz_Carlos_Motta,PL,SP,Em_exercício,sim
Luiz_Couto_(PT-PB)_Em_exercício.jpg,Deputado,Luiz_Couto,PT,PB,Em_exercício,sim
Luiz_Fernando_Faria_(PSD-MG)_Em_exercício.jpg,Deputado,Luiz_Fernando_Faria,PSD,MG,Em_exercício,Não
Luiz_Fernando_Vampiro_(MDB-SC)_Suplente_que_exerceu_mandato.jpg,Deputado,Luiz_Fernando_Vampiro,MDB,SC,Suplente_que_exerceu_mandato,Não
Luiz_Gastão_(PSD-CE)_Em_exercício.jpg,Deputado,Luiz_Gastão,PSD,CE,Em_exercício,Não
Luiz_Lima_(PL-RJ)_Em_exercício.jpg,Deputado,Luiz_Lima,PL,RJ,Em_exercício,Não
Luiz_Marinho_(PT-SP)_Licenciado.jpg,Deputado,Luiz_Marinho,PT,SP,Licenciado,Não
Luiz_Nishimori_(PSD-PR)_Em_exercício.jpg,Deputado,Luiz_Nishimori,PSD,PR,Em_exercício,Não
Luiz_Philippe_de_Orleans_e_Bragança_(PL-SP)_Em_exercício.jpg,Deputado,Luiz_Philippe_de_Orleans_e_Bragança,PL,SP,Em_exercício,Não
Lula_da_Fonte_(PP-PE)_Em_exercício.jpg,Deputado,Lula_da_Fonte,PP,PE,Em_exercício,sim
Lázaro_Botelho_(PP-TO)_Em_exercício.jpg,Deputado,Lázaro_Botelho,PP,TO,Em_exercício,Não
Lêda_Borges_(PSDB-GO)_Em_exercício.jpg,Deputado,Lêda_Borges,PSDB,GO,Em_exercício,Não
Lídice_da_Mata_(PSB-BA)_Em_exercício.jpg,Deputado,Lídice_da_Mata,PSB,BA,Em_exercício,sim
Magda_Mofatto_(PRD-GO)_Em_exercício.jpg,Deputado,Magda_Mofatto,PRD,GO,Em_exercício,Não
Marangoni_(UNIAO-SP)_Em_exercício.jpg,Deputado,Marangoni,UNIAO,SP,Em_exercício,Não
Marcelo_Calero_(PSD-RJ)_Suplente_que_exerceu_mandato.jpg,Deputado,Marcelo_Calero,PSD,RJ,Suplente_que_exerceu_mandato,Não
Marcelo_Crivella_(REPUBLICANOS-RJ)_Em_exercício.jpg,Deputado,Marcelo_Crivella,REPUBLICANOS,RJ,Em_exercício,sim
Marcelo_Lima_(PSB-SP)_Ex-deputado.jpg,Deputado,Marcelo_Lima,PSB,SP,Ex-deputado,Não
Marcelo_Moraes_(PL-RS)_Em_exercício.jpg,Deputado,Marcelo_Moraes,PL,RS,Em_exercício,Não
Marcelo_Queiroz_(PP-RJ)_Em_exercício.jpg,Deputado,Marcelo_Queiroz,PP,RJ,Em_exercício,Não
Marcelo_Álvaro_Antônio_(PL-MG)_Em_exercício.jpg,Deputado,Marcelo_Álvaro_Antônio,PL,MG,Em_exercício,Não
Marcel_van_Hattem_(NOVO-RS)_Em_exercício.jpg,Deputado,Marcel_van_Hattem,NOVO,RS,Em_exercício,Não
Marcio_Alvino_(PL-SP)_Em_exercício.jpg,Deputado,Marcio_Alvino,PL,SP,Em_exercício,Não
Marcon_(PT-RS)_Em_exercício.jpg,Deputado,Marcon,PT,RS,Em_exercício,sim
Marcos_Aurélio_Sampaio_(PSD-PI)_Em_exercício.jpg,Deputado,Marcos_Aurélio_Sampaio,PSD,PI,Em_exercício,Não
Marcos_Pereira_(REPUBLICANOS-SP)_Em_exercício.jpg,Deputado,Marcos_Pereira,REPUBLICANOS,SP,Em_exercício,Não
Marcos_Pollon_(PL-MS)_Em_exercício.jpg,Deputado,Marcos_Pollon,PL,MS,Em_exercício,Não
Marcos_Soares_(UNIAO-RJ)_Em_exercício.jpg,Deputado,Marcos_Soares,UNIAO,RJ,Em_exercício,Não
Marcos_Tavares_(PDT-RJ)_Em_exercício.jpg,Deputado,Marcos_Tavares,PDT,RJ,Em_exercício,sim
Marco_Bertaiolli_(PSD-SP)_Ex-deputado.jpg,Deputado,Marco_Bertaiolli,PSD,SP,Ex-deputado,Não
Marco_Brasil_(PP-PR)_Em_exercício.jpg,Deputado,Marco_Brasil,PP,PR,Em_exercício,Não
Mariana_Carvalho_(REPUBLICANOS-MA)_Suplente_que_exerceu_mandato.jpg,Deputado,Mariana_Carvalho,REPUBLICANOS,MA,Suplente_que_exerceu_mandato,Não
Maria_Arraes_(SOLIDARIEDADE-PE)_Em_exercício.jpg,Deputado,Maria_Arraes,SOLIDARIEDADE,PE,Em_exercício,sim
Maria_do_Rosário_(PT-RS)_Em_exercício.jpg,Deputado,Maria_do_Rosário,PT,RS,Em_exercício,sim
Maria_Rosas_(REPUBLICANOS-SP)_Em_exercício.jpg,Deputado,Maria_Rosas,REPUBLICANOS,SP,Em_exercício,Não
Marina_Silva_(REDE-SP)_Licenciado.jpg,Deputado,Marina_Silva,REDE,SP,Licenciado,Não
Mario_Frias_(PL-SP)_Em_exercício.jpg,Deputado,Mario_Frias,PL,SP,Em_exercício,Não
Marreca_Filho_(PRD-MA)_Em_exercício.jpg,Deputado,Marreca_Filho,PRD,MA,Em_exercício,Não
Marussa_Boldrin_(MDB-GO)_Em_exercício.jpg,Deputado,Marussa_Boldrin,MDB,GO,Em_exercício,Não
Marx_Beltrão_(PP-AL)_Em_exercício.jpg,Deputado,Marx_Beltrão,PP,AL,Em_exercício,sim
Matheus_Noronha_(PL-CE)_Em_exercício.jpg,Deputado,Matheus_Noronha,PL,CE,Em_exercício,Não
Mauricio_do_Vôlei_(PL-MG)_Em_exercício.jpg,Deputado,Mauricio_do_Vôlei,PL,MG,Em_exercício,Não
Mauricio_Marcon_(PODE-RS)_Em_exercício.jpg,Deputado,Mauricio_Marcon,PODE,RS,Em_exercício,Não
Mauricio_Neves_(PP-SP)_Em_exercício.jpg,Deputado,Mauricio_Neves,PP,SP,Em_exercício,Não
Mauro_Benevides_Filho_(PDT-CE)_Em_exercício.jpg,Deputado,Mauro_Benevides_Filho,PDT,CE,Em_exercício,sim
Maurício_Carvalho_(UNIAO-RO)_Em_exercício.jpg,Deputado,Maurício_Carvalho,UNIAO,RO,Em_exercício,sim
Max_Lemos_(PDT-RJ)_Em_exercício.jpg,Deputado,Max_Lemos,PDT,RJ,Em_exercício,sim
Meire_Serafim_(UNIAO-AC)_Em_exercício.jpg,Deputado,Meire_Serafim,UNIAO,AC,Em_exercício,sim
Mendonça_Filho_(UNIAO-PE)_Em_exercício.jpg,Deputado,Mendonça_Filho,UNIAO,PE,Em_exercício,Não
Merlong_Solano_(PT-PI)_Em_exercício.jpg,Deputado,Merlong_Solano,PT,PI,Em_exercício,sim
Mersinho_Lucena_(PP-PB)_Em_exercício.jpg,Deputado,Mersinho_Lucena,PP,PB,Em_exercício,Não
Messias_Donato_(REPUBLICANOS-ES)_Em_exercício.jpg,Deputado,Messias_Donato,REPUBLICANOS,ES,Em_exercício,Não
Miguel_Lombardi_(PL-SP)_Em_exercício.jpg,Deputado,Miguel_Lombardi,PL,SP,Em_exercício,Não
Miguel_Ângelo_(PT-MG)_Em_exercício.jpg,Deputado,Miguel_Ângelo,PT,MG,Em_exercício,sim
Milton_Vieira_(REPUBLICANOS-SP)_Licenciado.jpg,Deputado,Milton_Vieira,REPUBLICANOS,SP,Licenciado,Não
Misael_Varella_(PSD-MG)_Em_exercício.jpg,Deputado,Misael_Varella,PSD,MG,Em_exercício,Não
Missionária_Michele_Collins_(PP-PE)_Suplente_que_exerceu_mandato.jpg,Deputado,Missionária_Michele_Collins,PP,PE,Suplente_que_exerceu_mandato,Não
Moses_Rodrigues_(UNIAO-CE)_Em_exercício.jpg,Deputado,Moses_Rodrigues,UNIAO,CE,Em_exercício,sim
Murillo_Gouvea_(UNIAO-RJ)_Em_exercício.jpg,Deputado,Murillo_Gouvea,UNIAO,RJ,Em_exercício,sim
Murilo_Galdino_(REPUBLICANOS-PB)_Em_exercício.jpg,Deputado,Murilo_Galdino,REPUBLICANOS,PB,Em_exercício,sim
Márcio_Biolchi_(MDB-RS)_Em_exercício.jpg,Deputado,Márcio_Biolchi,MDB,RS,Em_exercício,Não
Márcio_Correa_(MDB-GO)_Suplente_que_exerceu_mandato.jpg,Deputado,Márcio_Correa,MDB,GO,Suplente_que_exerceu_mandato,Não
Márcio_Honaiser_(PDT-MA)_Em_exercício.jpg,Deputado,Márcio_Honaiser,PDT,MA,Em_exercício,sim
Márcio_Jerry_(PCdoB-MA)_Em_exercício.jpg,Deputado,Márcio_Jerry,PCdoB,MA,Em_exercício,sim
Márcio_Marinho_(REPUBLICANOS-BA)_Em_exercício.jpg,Deputado,Márcio_Marinho,REPUBLICANOS,BA,Em_exercício,sim
Mário_Heringer_(PDT-MG)_Em_exercício.jpg,Deputado,Mário_Heringer,PDT,MG,Em_exercício,Não
Mário_Negromonte_Jr._(PP-BA)_Em_exercício.jpg,Deputado,Mário_Negromonte_Jr.,PP,BA,#VALUE!,sim
Natália_Bonavides_(PT-RN)_Em_exercício.jpg,Deputado,Natália_Bonavides,PT,RN,Em_exercício,sim
Naumi_Amorim_(PSD-CE)_Suplente_que_exerceu_mandato.jpg,Deputado,Naumi_Amorim,PSD,CE,Suplente_que_exerceu_mandato,Não
Nelson_Barbudo_(PL-MT)_Em_exercício.jpg,Deputado,Nelson_Barbudo,PL,MT,Em_exercício,Não
Nely_Aquino_(PODE-MG)_Em_exercício.jpg,Deputado,Nely_Aquino,PODE,MG,Em_exercício,Não
Neto_Carletto_(PP-BA)_Em_exercício.jpg,Deputado,Neto_Carletto,PP,BA,Em_exercício,Não
Newton_Bonin_(UNIAO-PR)_Em_exercício.jpg,Deputado,Newton_Bonin,UNIAO,PR,Em_exercício,Não
Newton_Cardoso_Jr_(MDB-MG)_Em_exercício.jpg,Deputado,Newton_Cardoso_Jr,MDB,MG,Em_exercício,Não
Nicoletti_(UNIAO-RR)_Em_exercício.jpg,Deputado,Nicoletti,UNIAO,RR,Em_exercício,Não
Nikolas_Ferreira_(PL-MG)_Em_exercício.jpg,Deputado,Nikolas_Ferreira,PL,MG,Em_exercício,Não
Nilto_Tatto_(PT-SP)_Em_exercício.jpg,Deputado,Nilto_Tatto,PT,SP,Em_exercício,sim
Nitinho_(PSD-SE)_Em_exercício.jpg,Deputado,Nitinho,PSD,SE,Em_exercício,sim
Odair_Cunha_(PT-MG)_Em_exercício.jpg,Deputado,Odair_Cunha,PT,MG,Em_exercício,sim
Olival_Marques_(MDB-PA)_Em_exercício.jpg,Deputado,Olival_Marques,MDB,PA,Em_exercício,sim
Orlando_Silva_(PCdoB-SP)_Em_exercício.jpg,Deputado,Orlando_Silva,PCdoB,SP,Em_exercício,sim
Osmar_Terra_(MDB-RS)_Em_exercício.jpg,Deputado,Osmar_Terra,MDB,RS,Em_exercício,Não
Ossesio_Silva_(REPUBLICANOS-PE)_Em_exercício.jpg,Deputado,Ossesio_Silva,REPUBLICANOS,PE,Em_exercício,Não
Otoni_de_Paula_(MDB-RJ)_Em_exercício.jpg,Deputado,Otoni_de_Paula,MDB,RJ,Em_exercício,Não
Otto_Alencar_Filho_(PSD-BA)_Em_exercício.jpg,Deputado,Otto_Alencar_Filho,PSD,BA,Em_exercício,Não
Padovani_(UNIAO-PR)_Em_exercício.jpg,Deputado,Padovani,UNIAO,PR,Em_exercício,Não
Padre_João_(PT-MG)_Em_exercício.jpg,Deputado,Padre_João,PT,MG,Em_exercício,sim
Pastor_Diniz_(UNIAO-RR)_Em_exercício.jpg,Deputado,Pastor_Diniz,UNIAO,RR,Em_exercício,sim
Pastor_Eurico_(PL-PE)_Em_exercício.jpg,Deputado,Pastor_Eurico,PL,PE,Em_exercício,Não
Pastor_Gil_(PL-MA)_Em_exercício.jpg,Deputado,Pastor_Gil,PL,MA,Em_exercício,Não
Pastor_Henrique_Vieira_(PSOL-RJ)_Em_exercício.jpg,Deputado,Pastor_Henrique_Vieira,PSOL,RJ,Em_exercício,sim
Pastor_Sargento_Isidório_(AVANTE-BA)_Em_exercício.jpg,Deputado,Pastor_Sargento_Isidório,AVANTE,BA,Em_exercício,sim
Patrus_Ananias_(PT-MG)_Em_exercício.jpg,Deputado,Patrus_Ananias,PT,MG,Em_exercício,sim
Pauderney_Avelino_(UNIAO-AM)_Suplente_que_exerceu_mandato.jpg,Deputado,Pauderney_Avelino,UNIAO,AM,Suplente_que_exerceu_mandato,Não
Paulinho_da_Força_(SOLIDARIEDADE-SP)_Em_exercício.jpg,Deputado,Paulinho_da_Força,SOLIDARIEDADE,SP,Em_exercício,sim
Paulinho_Freire_(UNIAO-RN)_Em_exercício.jpg,Deputado,Paulinho_Freire,UNIAO,RN,Em_exercício,Não
Paulo_Abi-Ackel_(PSDB-MG)_Em_exercício.jpg,Deputado,Paulo_Abi-Ackel,PSDB,AC,Em_exercício,Não
Paulo_Alexandre_Barbosa_(PSDB-SP)_Em_exercício.jpg,Deputado,Paulo_Alexandre_Barbosa,PSDB,SP,Em_exercício,Não
Paulo_Azi_(UNIAO-BA)_Em_exercício.jpg,Deputado,Paulo_Azi,UNIAO,BA,Em_exercício,sim
Paulo_Folletto_(PSB-ES)_Em_exercício.jpg,Deputado,Paulo_Folletto,PSB,ES,Em_exercício,Não
Paulo_Freire_Costa_(PL-SP)_Em_exercício.jpg,Deputado,Paulo_Freire_Costa,PL,SP,Em_exercício,Não
Paulo_Guedes_(PT-MG)_Em_exercício.jpg,Deputado,Paulo_Guedes,PT,MG,Em_exercício,sim
Paulo_Litro_(PSD-PR)_Em_exercício.jpg,Deputado,Paulo_Litro,PSD,PR,Em_exercício,Não
Paulo_Magalhães_(PSD-BA)_Em_exercício.jpg,Deputado,Paulo_Magalhães,PSD,BA,Em_exercício,Não
Paulo_Marinho_Jr_(PL-MA)_Suplente_que_exerceu_mandato.jpg,Deputado,Paulo_Marinho_Jr,PL,MA,Suplente_que_exerceu_mandato,Não
Paulo_Pimenta_(PT-RS)_Licenciado.jpg,Deputado,Paulo_Pimenta,PT,RS,Licenciado,Não
Paulo_Teixeira_(PT-SP)_Licenciado.jpg,Deputado,Paulo_Teixeira,PT,SP,Licenciado,Não
Paulão_(PT-AL)_Em_exercício.jpg,Deputado,Paulão,PT,AL,Em_exercício,sim
Pedro_Aihara_(PRD-MG)_Em_exercício.jpg,Deputado,Pedro_Aihara,PRD,MG,Em_exercício,sim
Pedro_Campos_(PSB-PE)_Em_exercício.jpg,Deputado,Pedro_Campos,PSB,PE,Em_exercício,sim
Pedro_Jr_(PL-TO)_Suplente_que_exerceu_mandato.jpg,Deputado,Pedro_Jr,PL,TO,Suplente_que_exerceu_mandato,Não
Pedro_Lucas_Fernandes_(UNIAO-MA)_Em_exercício.jpg,Deputado,Pedro_Lucas_Fernandes,UNIAO,MA,Em_exercício,sim
Pedro_Lupion_(PP-PR)_Em_exercício.jpg,Deputado,Pedro_Lupion,PP,PR,Em_exercício,Não
Pedro_Paulo_(PSD-RJ)_Em_exercício.jpg,Deputado,Pedro_Paulo,PSD,RJ,Em_exercício,Não
Pedro_Tourinho_(PT-SP)_Suplente_que_exerceu_mandato.jpg,Deputado,Pedro_Tourinho,PT,SP,Suplente_que_exerceu_mandato,Não
Pedro_Uczai_(PT-SC)_Em_exercício.jpg,Deputado,Pedro_Uczai,PT,SC,Em_exercício,sim
Pedro_Westphalen_(PP-RS)_Em_exercício.jpg,Deputado,Pedro_Westphalen,PP,RS,Em_exercício,Não
Pezenti_(MDB-SC)_Em_exercício.jpg,Deputado,Pezenti,MDB,SC,Em_exercício,Não
Pinheirinho_(PP-MG)_Em_exercício.jpg,Deputado,Pinheirinho,PP,MG,Em_exercício,Não
Pompeo_de_Mattos_(PDT-RS)_Em_exercício.jpg,Deputado,Pompeo_de_Mattos,PDT,RS,Em_exercício,sim
Pr._Marco_Feliciano_(PL-SP)_Em_exercício.jpg,Deputado,Pr._Marco_Feliciano,PL,SP,#VALUE!,Não
Priscila_Costa_(PL-CE)_Suplente_que_exerceu_mandato.jpg,Deputado,Priscila_Costa,PL,CE,Suplente_que_exerceu_mandato,Não
Prof._Paulo_Fernando_(REPUBLICANOS-DF)_Suplente_que_exerceu_mandato.jpg,Deputado,Prof._Paulo_Fernando,REPUBLICANOS,DF,#VALUE!,Não
Prof._Reginaldo_Veras_(PV-DF)_Em_exercício.jpg,Deputado,Prof._Reginaldo_Veras,PV,DF,#VALUE!,sim
Professora_Goreth_(PDT-AP)_Em_exercício.jpg,Deputado,Professora_Goreth,PDT,AP,Em_exercício,sim
Professora_Luciene_Cavalcante_(PSOL-SP)_Em_exercício.jpg,Deputado,Professora_Luciene_Cavalcante,PSOL,SP,Em_exercício,sim
Professor_Alcides_(PL-GO)_Em_exercício.jpg,Deputado,Professor_Alcides,PL,GO,Em_exercício,Não
Rafael_Brito_(MDB-AL)_Em_exercício.jpg,Deputado,Rafael_Brito,MDB,AL,Em_exercício,sim
Rafael_Prudente_(MDB-DF)_Em_exercício.jpg,Deputado,Rafael_Prudente,MDB,DF,Em_exercício,Não
Rafael_Simoes_(UNIAO-MG)_Em_exercício.jpg,Deputado,Rafael_Simoes,UNIAO,MG,Em_exercício,sim
Raimundo_Costa_(PODE-BA)_Em_exercício.jpg,Deputado,Raimundo_Costa,PODE,BA,Em_exercício,sim
Raimundo_Santos_(PSD-PA)_Em_exercício.jpg,Deputado,Raimundo_Santos,PSD,PA,Em_exercício,sim
Raniery_Paulino_(REPUBLICANOS-PB)_Suplente_que_exerceu_mandato.jpg,Deputado,Raniery_Paulino,REPUBLICANOS,PB,Suplente_que_exerceu_mandato,Não
Reginaldo_Lopes_(PT-MG)_Em_exercício.jpg,Deputado,Reginaldo_Lopes,PT,MG,Em_exercício,sim
Reginete_Bispo_(PT-RS)_Em_exercício.jpg,Deputado,Reginete_Bispo,PT,RS,Em_exercício,sim
Reimont_(PT-RJ)_Em_exercício.jpg,Deputado,Reimont,PT,RJ,Em_exercício,sim
Reinhold_Stephanes_(PSD-PR)_Em_exercício.jpg,Deputado,Reinhold_Stephanes,PSD,PR,Em_exercício,Não
Renan_Ferreirinha_(PSD-RJ)_Em_exercício.jpg,Deputado,Renan_Ferreirinha,PSD,RJ,Em_exercício,sim
Renata_Abreu_(PODE-SP)_Em_exercício.jpg,Deputado,Renata_Abreu,PODE,SP,Em_exercício,Não
Renilce_Nicodemos_(MDB-PA)_Em_exercício.jpg,Deputado,Renilce_Nicodemos,MDB,PA,Em_exercício,sim
Renildo_Calheiros_(PCdoB-PE)_Em_exercício.jpg,Deputado,Renildo_Calheiros,PCdoB,PE,Em_exercício,sim
Ricardo_Abrão_(UNIAO-RJ)_Suplente_que_exerceu_mandato.jpg,Deputado,Ricardo_Abrão,UNIAO,RJ,Suplente_que_exerceu_mandato,Não
Ricardo_Ayres_(REPUBLICANOS-TO)_Em_exercício.jpg,Deputado,Ricardo_Ayres,REPUBLICANOS,TO,Em_exercício,sim
Ricardo_Barros_(PP-PR)_Licenciado.jpg,Deputado,Ricardo_Barros,PP,PR,Licenciado,Não
Ricardo_Guidi_(PL-SC)_Em_exercício.jpg,Deputado,Ricardo_Guidi,PL,SC,Em_exercício,Não
Ricardo_Maia_(MDB-BA)_Em_exercício.jpg,Deputado,Ricardo_Maia,MDB,BA,Em_exercício,sim
Ricardo_Salles_(NOVO-SP)_Em_exercício.jpg,Deputado,Ricardo_Salles,NOVO,SP,Em_exercício,Não
Ricardo_Silva_(PSD-SP)_Em_exercício.jpg,Deputado,Ricardo_Silva,PSD,SP,Em_exercício,Não
Roberta_Roma_(PL-BA)_Em_exercício.jpg,Deputado,Roberta_Roma,PL,BA,Em_exercício,sim
Roberto_Duarte_(REPUBLICANOS-AC)_Em_exercício.jpg,Deputado,Roberto_Duarte,REPUBLICANOS,AC,Em_exercício,sim
Roberto_Monteiro_Pai_(PL-RJ)_Em_exercício.jpg,Deputado,Roberto_Monteiro_Pai,PL,RJ,Em_exercício,Não
Robinson_Faria_(PL-RN)_Em_exercício.jpg,Deputado,Robinson_Faria,PL,RN,Em_exercício,Não
Robério_Monteiro_(PDT-CE)_Em_exercício.jpg,Deputado,Robério_Monteiro,PDT,CE,Em_exercício,sim
Rodolfo_Nogueira_(PL-MS)_Em_exercício.jpg,Deputado,Rodolfo_Nogueira,PL,MS,Em_exercício,Não
Rodrigo_de_Castro_(UNIAO-MG)_Em_exercício.jpg,Deputado,Rodrigo_de_Castro,UNIAO,MG,Em_exercício,Não
Rodrigo_Estacho_(PSD-PR)_Em_exercício.jpg,Deputado,Rodrigo_Estacho,PSD,PR,Em_exercício,Não
Rodrigo_Gambale_(PODE-SP)_Em_exercício.jpg,Deputado,Rodrigo_Gambale,PODE,SP,Em_exercício,Não
Rodrigo_Valadares_(UNIAO-SE)_Em_exercício.jpg,Deputado,Rodrigo_Valadares,UNIAO,SE,Em_exercício,sim
Rogéria_Santos_(REPUBLICANOS-BA)_Em_exercício.jpg,Deputado,Rogéria_Santos,REPUBLICANOS,BA,Em_exercício,Não
Rogério_Correia_(PT-MG)_Em_exercício.jpg,Deputado,Rogério_Correia,PT,MG,Em_exercício,sim
Romero_Rodrigues_(PODE-PB)_Em_exercício.jpg,Deputado,Romero_Rodrigues,PODE,PB,Em_exercício,Não
Ronaldo_Nogueira_(REPUBLICANOS-RS)_Em_exercício.jpg,Deputado,Ronaldo_Nogueira,REPUBLICANOS,RS,Em_exercício,Não
Rosana_Valle_(PL-SP)_Em_exercício.jpg,Deputado,Rosana_Valle,PL,SP,Em_exercício,Não
Rosangela_Gomes_(REPUBLICANOS-RJ)_Licenciado.jpg,Deputado,Rosangela_Gomes,REPUBLICANOS,RJ,Licenciado,Não
Rosangela_Moro_(UNIAO-SP)_Em_exercício.jpg,Deputado,Rosangela_Moro,UNIAO,SP,Em_exercício,Não
Roseana_Sarney_(MDB-MA)_Em_exercício.jpg,Deputado,Roseana_Sarney,MDB,MA,Em_exercício,Não
Rosângela_Reis_(PL-MG)_Em_exercício.jpg,Deputado,Rosângela_Reis,PL,MG,Em_exercício,sim
Rubens_Otoni_(PT-GO)_Em_exercício.jpg,Deputado,Rubens_Otoni,PT,GO,Em_exercício,sim
Rubens_Pereira_Júnior_(PT-MA)_Em_exercício.jpg,Deputado,Rubens_Pereira_Júnior,PT,MA,Em_exercício,sim
Rui_Falcão_(PT-SP)_Em_exercício.jpg,Deputado,Rui_Falcão,PT,SP,Em_exercício,sim
Ruy_Carneiro_(PODE-PB)_Em_exercício.jpg,Deputado,Ruy_Carneiro,PODE,PB,Em_exercício,sim
Samuel_Viana_(REPUBLICANOS-MG)_Em_exercício.jpg,Deputado,Samuel_Viana,REPUBLICANOS,MG,Em_exercício,Não
Sanderson_(PL-RS)_Em_exercício.jpg,Deputado,Sanderson,PL,RS,Em_exercício,Não
Sandro_Alex_(PSD-PR)_Licenciado.jpg,Deputado,Sandro_Alex,PSD,PR,Licenciado,Não
Sargento_Fahur_(PSD-PR)_Em_exercício.jpg,Deputado,Sargento_Fahur,PSD,PR,Em_exercício,Não
Sargento_Gonçalves_(PL-RN)_Em_exercício.jpg,Deputado,Sargento_Gonçalves,PL,RN,Em_exercício,Não
Sargento_Portugal_(PODE-RJ)_Em_exercício.jpg,Deputado,Sargento_Portugal,PODE,RJ,Em_exercício,Não
Saullo_Vianna_(UNIAO-AM)_Em_exercício.jpg,Deputado,Saullo_Vianna,UNIAO,AM,Em_exercício,sim
Saulo_Pedroso_(PSD-SP)_Em_exercício.jpg,Deputado,Saulo_Pedroso,PSD,SP,Em_exercício,Não
Sergio_Souza_(MDB-PR)_Em_exercício.jpg,Deputado,Sergio_Souza,MDB,PR,Em_exercício,Não
Sidney_Leite_(PSD-AM)_Em_exercício.jpg,Deputado,Sidney_Leite,PSD,AM,Em_exercício,sim
Silas_Câmara_(REPUBLICANOS-AM)_Em_exercício.jpg,Deputado,Silas_Câmara,REPUBLICANOS,AM,Em_exercício,sim
Silvia_Cristina_(PP-RO)_Em_exercício.jpg,Deputado,Silvia_Cristina,PP,RO,Em_exercício,Não
Silvia_Waiãpi_(PL-AP)_Em_exercício.jpg,Deputado,Silvia_Waiãpi,PL,AP,Em_exercício,Não
Silvio_Antonio_(PL-MA)_Suplente_que_exerceu_mandato.jpg,Deputado,Silvio_Antonio,PL,MA,Suplente_que_exerceu_mandato,Não
Silvio_Costa_Filho_(REPUBLICANOS-PE)_Licenciado.jpg,Deputado,Silvio_Costa_Filho,REPUBLICANOS,PE,Licenciado,Não
Silvye_Alves_(UNIAO-GO)_Em_exercício.jpg,Deputado,Silvye_Alves,UNIAO,GO,Em_exercício,Não
Simone_Marquetto_(MDB-SP)_Em_exercício.jpg,Deputado,Simone_Marquetto,MDB,SP,Em_exercício,Não
Socorro_Neri_(PP-AC)_Em_exercício.jpg,Deputado,Socorro_Neri,PP,AC,Em_exercício,sim
Sonize_Barbosa_(PL-AP)_Em_exercício.jpg,Deputado,Sonize_Barbosa,PL,AP,Em_exercício,Não
Soraya_Santos_(PL-RJ)_Em_exercício.jpg,Deputado,Soraya_Santos,PL,RJ,Em_exercício,Não
Stefano_Aguiar_(PSD-MG)_Em_exercício.jpg,Deputado,Stefano_Aguiar,PSD,MG,Em_exercício,sim
Sâmia_Bomfim_(PSOL-SP)_Em_exercício.jpg,Deputado,Sâmia_Bomfim,PSOL,SP,Em_exercício,sim
Sérgio_Brito_(PSD-BA)_Licenciado.jpg,Deputado,Sérgio_Brito,PSD,BA,Licenciado,Não
Sóstenes_Cavalcante_(PL-RJ)_Em_exercício.jpg,Deputado,Sóstenes_Cavalcante,PL,RJ,Em_exercício,Não
Sônia_Guajajara_(PSOL-SP)_Licenciado.jpg,Deputado,Sônia_Guajajara,PSOL,SP,Licenciado,Não
Tabata_Amaral_(PSB-SP)_Em_exercício.jpg,Deputado,Tabata_Amaral,PSB,SP,Em_exercício,sim
Tadeu_Oliveira_(PL-CE)_Em_exercício.jpg,Deputado,Tadeu_Oliveira,PL,CE,Em_exercício,Não
Tadeu_Veneri_(PT-PR)_Em_exercício.jpg,Deputado,Tadeu_Veneri,PT,PR,Em_exercício,sim
Talíria_Petrone_(PSOL-RJ)_Em_exercício.jpg,Deputado,Talíria_Petrone,PSOL,RJ,Em_exercício,sim
Tarcísio_Motta_(PSOL-RJ)_Em_exercício.jpg,Deputado,Tarcísio_Motta,PSOL,RJ,Em_exercício,sim
Thiago_de_Joaldo_(PP-SE)_Em_exercício.jpg,Deputado,Thiago_de_Joaldo,PP,SE,Em_exercício,sim
Thiago_Flores_(REPUBLICANOS-RO)_Em_exercício.jpg,Deputado,Thiago_Flores,REPUBLICANOS,RO,Em_exercício,sim
Tiririca_(PL-SP)_Em_exercício.jpg,Deputado,Tiririca,PL,SP,Em_exercício,Não
Tião_Medeiros_(PP-PR)_Em_exercício.jpg,Deputado,Tião_Medeiros,PP,PR,Em_exercício,Não
Toninho_Wandscheer_(PP-PR)_Em_exercício.jpg,Deputado,Toninho_Wandscheer,PP,PR,Em_exercício,Não
Túlio_Gadêlha_(REDE-PE)_Em_exercício.jpg,Deputado,Túlio_Gadêlha,REDE,PE,Em_exercício,sim
Ulisses_Guimarães_(MDB-MG)_Suplente_que_exerceu_mandato.jpg,Deputado,Ulisses_Guimarães,MDB,MG,Suplente_que_exerceu_mandato,Não
Valmir_Assunção_(PT-BA)_Em_exercício.jpg,Deputado,Valmir_Assunção,PT,BA,Em_exercício,sim
Vander_Loubet_(PT-MS)_Em_exercício.jpg,Deputado,Vander_Loubet,PT,MS,Em_exercício,sim
Vermelho_(PL-PR)_Em_exercício.jpg,Deputado,Vermelho,PL,PR,Em_exercício,Não
Vicentinho_(PT-SP)_Em_exercício.jpg,Deputado,Vicentinho,PT,SP,Em_exercício,sim
Vicentinho_Júnior_(PP-TO)_Em_exercício.jpg,Deputado,Vicentinho_Júnior,PP,TO,Em_exercício,Não
Vinicius_Carvalho_(REPUBLICANOS-SP)_Em_exercício.jpg,Deputado,Vinicius_Carvalho,REPUBLICANOS,SP,Em_exercício,Não
Vinicius_Gurgel_(PL-AP)_Em_exercício.jpg,Deputado,Vinicius_Gurgel,PL,AP,Em_exercício,Não
Vitor_Lippi_(PSDB-SP)_Em_exercício.jpg,Deputado,Vitor_Lippi,PSDB,SP,Em_exercício,Não
Waldemar_Oliveira_(AVANTE-PE)_Em_exercício.jpg,Deputado,Waldemar_Oliveira,AVANTE,PE,Em_exercício,Não
Waldenor_Pereira_(PT-BA)_Em_exercício.jpg,Deputado,Waldenor_Pereira,PT,BA,Em_exercício,sim
Washington_Quaquá_(PT-RJ)_Em_exercício.jpg,Deputado,Washington_Quaquá,PT,RJ,Em_exercício,sim
Weliton_Prado_(SOLIDARIEDADE-MG)_Em_exercício.jpg,Deputado,Weliton_Prado,SOLIDARIEDADE,MG,Em_exercício,sim
Wellington_Roberto_(PL-PB)_Em_exercício.jpg,Deputado,Wellington_Roberto,PL,PB,Em_exercício,Não
Welter_(PT-PR)_Em_exercício.jpg,Deputado,Welter,PT,PR,Em_exercício,sim
Wilson_Santiago_(REPUBLICANOS-PB)_Em_exercício.jpg,Deputado,Wilson_Santiago,REPUBLICANOS,PB,Em_exercício,sim
Wolmer_Araújo_(SOLIDARIEDADE-MA)_Suplente_que_exerceu_mandato.jpg,Deputado,Wolmer_Araújo,SOLIDARIEDADE,MA,Suplente_que_exerceu_mandato,Não
Yandra_Moura_(UNIAO-SE)_Em_exercício.jpg,Deputado,Yandra_Moura,UNIAO,SE,Em_exercício,sim
Yury_do_Paredão_(MDB-CE)_Em_exercício.jpg,Deputado,Yury_do_Paredão,MDB,CE,Em_exercício,Não
Zeca_Dirceu_(PT-PR)_Em_exercício.jpg,Deputado,Zeca_Dirceu,PT,PR,Em_exercício,sim
Zezinho_Barbary_(PP-AC)_Em_exercício.jpg,Deputado,Zezinho_Barbary,PP,AC,Em_exercício,sim
Zucco_(PL-RS)_Em_exercício.jpg,Deputado,Zucco,PL,RS,Em_exercício,Não
Zé_Haroldo_Cathedral_(PSD-RR)_Em_exercício.jpg,Deputado,Zé_Haroldo_Cathedral,PSD,RR,Em_exercício,sim
Zé_Neto_(PT-BA)_Licenciado.jpg,Deputado,Zé_Neto,PT,BA,Licenciado,Não
Zé_Silva_(SOLIDARIEDADE-MG)_Em_exercício.jpg,Deputado,Zé_Silva,SOLIDARIEDADE,MG,Em_exercício,Não
Zé_Trovão_(PL-SC)_Em_exercício.jpg,Deputado,Zé_Trovão,PL,SC,Em_exercício,Não
Zé_Vitor_(PL-MG)_Em_exercício.jpg,Deputado,Zé_Vitor,PL,MG,Em_exercício,Não
Átila_Lins_(PSD-AM)_Em_exercício.jpg,Deputado,Átila_Lins,PSD,AM,Em_exercício,sim
Átila_Lira_(PP-PI)_Em_exercício.jpg,Deputado,Átila_Lira,PP,PI,Em_exercício,Não
